"0G2VD","499833318","Setup_Aml_Burn_Tool_V3.1.0.exe","exe","26528070","https://drop3.dropmefiles.com/dl/0G2VD/499833318"
"0G2VD","499833319","X96Air_P2_20191017-1917.img","img","1566163508","https://drop3.dropmefiles.com/dl/0G2VD/499833319"
"0G2VD","499833320","X96Air_P2_20191017-1917.tmp","tmp","1556726000","https://drop3.dropmefiles.com/dl/0G2VD/499833320"
"0G2VD","499833321","X96MAX-X96Air-PC upgrade video.mp4","mp4","52015538","https://drop3.dropmefiles.com/dl/0G2VD/499833321"
"14WCR","501245087","136.zip","zip","209464426","https://drop3.dropmefiles.com/dl/14WCR/501245087"
"3UXsN","502740501","IMG_4111.JPG","jpg","96743","https://drop5.dropmefiles.com/dl/3UXsN/502740501"
"3UXsN","502740502","IMG_4112.JPG","jpg","107252","https://drop5.dropmefiles.com/dl/3UXsN/502740502"
"3UXsN","502740503","IMG_4113.JPG","jpg","104865","https://drop5.dropmefiles.com/dl/3UXsN/502740503"
"3UXsN","502740504","IMG_4115.JPG","jpg","93149","https://drop5.dropmefiles.com/dl/3UXsN/502740504"
"3UXsN","502740505","IMG_4116.JPG","jpg","100770","https://drop5.dropmefiles.com/dl/3UXsN/502740505"
"3UXsN","502740506","IMG_4117.JPG","jpg","112096","https://drop5.dropmefiles.com/dl/3UXsN/502740506"
"3UXsN","502740507","IMG_4120.JPG","jpg","118123","https://drop5.dropmefiles.com/dl/3UXsN/502740507"
"3UXsN","502740508","IMG_4122.JPG","jpg","176725","https://drop5.dropmefiles.com/dl/3UXsN/502740508"
"3UXsN","502740509","IMG_4123.JPG","jpg","172694","https://drop5.dropmefiles.com/dl/3UXsN/502740509"
"3UXsN","502740510","IMG_4124.JPG","jpg","182451","https://drop5.dropmefiles.com/dl/3UXsN/502740510"
"3UXsN","502740511","IMG_4125.JPG","jpg","159919","https://drop5.dropmefiles.com/dl/3UXsN/502740511"
"3UXsN","502740512","IMG_4126.JPG","jpg","186770","https://drop5.dropmefiles.com/dl/3UXsN/502740512"
"3UXsN","502740513","IMG_4127.JPG","jpg","160912","https://drop5.dropmefiles.com/dl/3UXsN/502740513"
"3UXsN","502740514","IMG_4128.JPG","jpg","132407","https://drop5.dropmefiles.com/dl/3UXsN/502740514"
"3UXsN","502740515","IMG_4129.JPG","jpg","92541","https://drop5.dropmefiles.com/dl/3UXsN/502740515"
"3UXsN","502740516","IMG_4130.JPG","jpg","179356","https://drop5.dropmefiles.com/dl/3UXsN/502740516"
"3UXsN","502740517","IMG_4131.JPG","jpg","172822","https://drop5.dropmefiles.com/dl/3UXsN/502740517"
"3UXsN","502740518","IMG_4132.JPG","jpg","70812","https://drop5.dropmefiles.com/dl/3UXsN/502740518"
"3UXsN","502740519","IMG_4133.JPG","jpg","53592","https://drop5.dropmefiles.com/dl/3UXsN/502740519"
"3UXsN","502740520","IMG_4134.JPG","jpg","101386","https://drop5.dropmefiles.com/dl/3UXsN/502740520"
"3UXsN","502740521","IMG_4135.JPG","jpg","90524","https://drop5.dropmefiles.com/dl/3UXsN/502740521"
"3UXsN","502740522","IMG_4136.JPG","jpg","123251","https://drop5.dropmefiles.com/dl/3UXsN/502740522"
"3UXsN","502740523","IMG_4137.JPG","jpg","113346","https://drop5.dropmefiles.com/dl/3UXsN/502740523"
"3UXsN","502740524","IMG_4138.JPG","jpg","118505","https://drop5.dropmefiles.com/dl/3UXsN/502740524"
"3UXsN","502740525","IMG_4139.JPG","jpg","98911","https://drop5.dropmefiles.com/dl/3UXsN/502740525"
"3UXsN","502740526","IMG_4140.JPG","jpg","108833","https://drop5.dropmefiles.com/dl/3UXsN/502740526"
"3UXsN","502740527","IMG_4141.JPG","jpg","100645","https://drop5.dropmefiles.com/dl/3UXsN/502740527"
"3UXsN","502740528","IMG_4142.JPG","jpg","110539","https://drop5.dropmefiles.com/dl/3UXsN/502740528"
"3UXsN","502740529","IMG_4143.JPG","jpg","85247","https://drop5.dropmefiles.com/dl/3UXsN/502740529"
"3UXsN","502740530","IMG_4144.JPG","jpg","90000","https://drop5.dropmefiles.com/dl/3UXsN/502740530"
"3UXsN","502740531","IMG_4145.JPG","jpg","101921","https://drop5.dropmefiles.com/dl/3UXsN/502740531"
"3UXsN","502740532","IMG_4146.JPG","jpg","87188","https://drop5.dropmefiles.com/dl/3UXsN/502740532"
"3UXsN","502740533","IMG_4147.JPG","jpg","119527","https://drop5.dropmefiles.com/dl/3UXsN/502740533"
"3UXsN","502740534","IMG_4148.JPG","jpg","74835","https://drop5.dropmefiles.com/dl/3UXsN/502740534"
"3UXsN","502740535","IMG_4149.JPG","jpg","66328","https://drop5.dropmefiles.com/dl/3UXsN/502740535"
"3UXsN","502740536","IMG_4150.JPG","jpg","80757","https://drop5.dropmefiles.com/dl/3UXsN/502740536"
"3UXsN","502740537","IMG_4151.JPG","jpg","118463","https://drop5.dropmefiles.com/dl/3UXsN/502740537"
"3UXsN","502740538","IMG_4152.JPG","jpg","122799","https://drop5.dropmefiles.com/dl/3UXsN/502740538"
"3UXsN","502740539","IMG_4153.JPG","jpg","121228","https://drop5.dropmefiles.com/dl/3UXsN/502740539"
"3UXsN","502740540","IMG_4154.JPG","jpg","110322","https://drop5.dropmefiles.com/dl/3UXsN/502740540"
"3UXsN","502740541","IMG_4155.JPG","jpg","90559","https://drop5.dropmefiles.com/dl/3UXsN/502740541"
"3UXsN","502740542","IMG_4156.JPG","jpg","75806","https://drop5.dropmefiles.com/dl/3UXsN/502740542"
"3UXsN","502740543","IMG_4157.JPG","jpg","89840","https://drop5.dropmefiles.com/dl/3UXsN/502740543"
"3UXsN","502740544","IMG_4158.JPG","jpg","99040","https://drop5.dropmefiles.com/dl/3UXsN/502740544"
"3UXsN","502740545","IMG_4159.JPG","jpg","75184","https://drop5.dropmefiles.com/dl/3UXsN/502740545"
"3UXsN","502740546","IMG_4160.JPG","jpg","78055","https://drop5.dropmefiles.com/dl/3UXsN/502740546"
"3UXsN","502740547","IMG_4161.JPG","jpg","113822","https://drop5.dropmefiles.com/dl/3UXsN/502740547"
"3UXsN","502740548","IMG_4162.JPG","jpg","72561","https://drop5.dropmefiles.com/dl/3UXsN/502740548"
"3UXsN","502740549","IMG_4163.JPG","jpg","116153","https://drop5.dropmefiles.com/dl/3UXsN/502740549"
"3UXsN","502740550","IMG_4164.JPG","jpg","116482","https://drop5.dropmefiles.com/dl/3UXsN/502740550"
"3UXsN","502740551","IMG_4165.JPG","jpg","117215","https://drop5.dropmefiles.com/dl/3UXsN/502740551"
"3UXsN","502740552","IMG_4166.JPG","jpg","99800","https://drop5.dropmefiles.com/dl/3UXsN/502740552"
"3UXsN","502740553","IMG_4167.JPG","jpg","71815","https://drop5.dropmefiles.com/dl/3UXsN/502740553"
"3UXsN","502740554","IMG_4168.JPG","jpg","74963","https://drop5.dropmefiles.com/dl/3UXsN/502740554"
"3UXsN","502740555","IMG_4169.JPG","jpg","98938","https://drop5.dropmefiles.com/dl/3UXsN/502740555"
"3UXsN","502740556","MVI_4121.MOV","mov","92038359","https://drop5.dropmefiles.com/dl/3UXsN/502740556"
"3Yw1m","502778056","[46] indecent.call","call","20522","https://drop3.dropmefiles.com/dl/3Yw1m/502778056"
"5h6BH","500839719","Вебформат 020320.dt","dt","140711752","https://drop5.dropmefiles.com/dl/5h6BH/500839719"
"5Kuc7","502928539","9432.jpg","jpg","59765526","https://drop1.dropmefiles.com/dl/5Kuc7/502928539"
"67Brt","502152723","Офис Новоженин Вывеска__ФУП_Фрост.pdf","pdf","21631011","https://drop3.dropmefiles.com/dl/67Brt/502152723"
"79VTQ","502898858","Error.txt","txt","41255","https://drop1.dropmefiles.com/dl/79VTQ/502898858"
"7C33s","501917734","Новый текстовый документ.txt","txt","96","https://drop1.dropmefiles.com/dl/7C33s/501917734"
"7sbcC","502988833","video-a3cc9db821a9df162dca80734655de64-V.mp4","mp4","2151392","https://drop1.dropmefiles.com/dl/7sbcC/502988833"
"7SBiF","502181637"," Вселенная курс выживания среди черных дыр, временных парадоксов, квантовой неопределенности (.pdf","pdf","14947680","https://drop5.dropmefiles.com/dl/7SBiF/502181637"
"7SBiF","502181638"," Разговор о звёздах - 2018.pdf","pdf","15357185","https://drop5.dropmefiles.com/dl/7SBiF/502181638"
"7SBiF","502181639","История искусств. Просто о важном. Стили, направления и течения.pdf","pdf","16128971","https://drop5.dropmefiles.com/dl/7SBiF/502181639"
"7SBiF","502181640","Никонов Эволюция на пальцах 2019.pdf","pdf","2787697","https://drop5.dropmefiles.com/dl/7SBiF/502181640"
"7SBiF","502181641","Химия для тех, кто все забыл.pdf","pdf","18808031","https://drop5.dropmefiles.com/dl/7SBiF/502181641"
"7SBiF","502181642","Кокс Б., Форшоу Дж. - Почему Е=mc2 (2016).epub","epub","2101925","https://drop5.dropmefiles.com/dl/7SBiF/502181642"
"85fBq","503222935","Ocean Plaza_обновленная_06.03.pptx","pptx","98497810","https://drop5.dropmefiles.com/dl/85fBq/503222935"
"95wor","503028554","probki_v_sevastopole.jpg","jpg","209123","https://drop1.dropmefiles.com/dl/95wor/503028554"
"9IQ0f","502253646","Кенгуру.docx","docx","10707","https://drop3.dropmefiles.com/dl/9IQ0f/502253646"
"C6140","503619063","зщя1.pdf","pdf","645300","https://drop5.dropmefiles.com/dl/C6140/503619063"
"C6Myh","503488802","8.3.14.1854.zip","zip","521678167","https://drop1.dropmefiles.com/dl/C6Myh/503488802"
"Cr00Z","501626445","11153_3700x2700.eps","eps","1868086","https://drop1.dropmefiles.com/dl/Cr00Z/501626445"
"Cr00Z","501626446","11153_3700x2700.jpg","jpg","72930","https://drop1.dropmefiles.com/dl/Cr00Z/501626446"
"Cr00Z","501626447","11153_6000x3000.eps","eps","3155462","https://drop1.dropmefiles.com/dl/Cr00Z/501626447"
"Cr00Z","501626448","11153_6000x3000.jpg","jpg","96066","https://drop1.dropmefiles.com/dl/Cr00Z/501626448"
"D4W10","502332757","Архив.zip","zip","246449261","https://drop5.dropmefiles.com/dl/D4W10/502332757"
"D6vnU","501879859","борд МИТСУТ.cdr","cdr","546668","https://drop1.dropmefiles.com/dl/D6vnU/501879859"
"D6vnU","501879860","борд МИТСУТ.tif","tif","10756924","https://drop1.dropmefiles.com/dl/D6vnU/501879860"
"DvJ2K","502800180","50 на 3.zip","zip","78810683","https://drop1.dropmefiles.com/dl/DvJ2K/502800180"
"E2QVd","503497024","Дело.zip","zip","2444351485","https://drop1.dropmefiles.com/dl/E2QVd/503497024"
"eAx0T","503085983","Маркса26-1.rar","rar","17931726","https://drop1.dropmefiles.com/dl/eAx0T/503085983"
"egZGF","500652507","LE LO YON & GLXRY - Битва За Хайп.wav","wav","30472150","https://drop1.dropmefiles.com/dl/egZGF/500652507"
"Ep8hA","503366322","Cover_1.psd","psd","5073198","https://drop1.dropmefiles.com/dl/Ep8hA/503366322"
"GI6OB","502637707","1.jpg","jpg","5160686","https://drop1.dropmefiles.com/dl/GI6OB/502637707"
"GI6OB","502637708","2.jpg","jpg","4134125","https://drop1.dropmefiles.com/dl/GI6OB/502637708"
"GI6OB","502637709","3.jpg","jpg","4603403","https://drop1.dropmefiles.com/dl/GI6OB/502637709"
"GI6OB","502637710","5.jpg","jpg","3532447","https://drop1.dropmefiles.com/dl/GI6OB/502637710"
"GI6OB","502637711","6.jpg","jpg","4556457","https://drop1.dropmefiles.com/dl/GI6OB/502637711"
"GI6OB","502637712","7.jpg","jpg","4396025","https://drop1.dropmefiles.com/dl/GI6OB/502637712"
"GI6OB","502637713","8.jpg","jpg","6637390","https://drop1.dropmefiles.com/dl/GI6OB/502637713"
"GI6OB","502637714","9.jpg","jpg","7982025","https://drop1.dropmefiles.com/dl/GI6OB/502637714"
"GI6OB","502637715","10.jpg","jpg","7715164","https://drop1.dropmefiles.com/dl/GI6OB/502637715"
"GI6OB","502637716","11.jpg","jpg","4619780","https://drop1.dropmefiles.com/dl/GI6OB/502637716"
"GI6OB","502637717","12.jpg","jpg","4379559","https://drop1.dropmefiles.com/dl/GI6OB/502637717"
"GI6OB","502637718","13.jpg","jpg","4754723","https://drop1.dropmefiles.com/dl/GI6OB/502637718"
"GI6OB","502637719","14.jpg","jpg","6726631","https://drop1.dropmefiles.com/dl/GI6OB/502637719"
"GI6OB","502637720","15.jpg","jpg","5589998","https://drop1.dropmefiles.com/dl/GI6OB/502637720"
"GI6OB","502637721","16.jpg","jpg","4461260","https://drop1.dropmefiles.com/dl/GI6OB/502637721"
"GI6OB","502637722","17.jpg","jpg","3745458","https://drop1.dropmefiles.com/dl/GI6OB/502637722"
"GI6OB","502637723","18.jpg","jpg","4253048","https://drop1.dropmefiles.com/dl/GI6OB/502637723"
"GI6OB","502637724","19.jpg","jpg","4380914","https://drop1.dropmefiles.com/dl/GI6OB/502637724"
"GI6OB","502637725","20.jpg","jpg","3495096","https://drop1.dropmefiles.com/dl/GI6OB/502637725"
"GI6OB","502637726","21.jpg","jpg","6408595","https://drop1.dropmefiles.com/dl/GI6OB/502637726"
"GI6OB","502637727","22.jpg","jpg","4296735","https://drop1.dropmefiles.com/dl/GI6OB/502637727"
"GI6OB","502637728","23.jpg","jpg","6473466","https://drop1.dropmefiles.com/dl/GI6OB/502637728"
"GI6OB","502637729","24.jpg","jpg","3587153","https://drop1.dropmefiles.com/dl/GI6OB/502637729"
"GI6OB","502637730","25.jpg","jpg","3554527","https://drop1.dropmefiles.com/dl/GI6OB/502637730"
"GI6OB","502637731","26.jpg","jpg","5239505","https://drop1.dropmefiles.com/dl/GI6OB/502637731"
"J1Ytn","503597970","C4665587-15A6-4DB8-A861-F828A9E3BA29.jpeg","jpeg","2318120","https://drop1.dropmefiles.com/dl/J1Ytn/503597970"
"k0q2C","502832986","Autoreg.exe","exe","576512","https://drop3.dropmefiles.com/dl/k0q2C/502832986"
"k0q2C","502832987","qgenericbearer.dll","dll","46448","https://drop3.dropmefiles.com/dl/k0q2C/502832987"
"k0q2C","502832988","qnativewifibearer.dll","dll","47984","https://drop3.dropmefiles.com/dl/k0q2C/502832988"
"k0q2C","502832989","D3Dcompiler_47.dll","dll","3459952","https://drop3.dropmefiles.com/dl/k0q2C/502832989"
"k0q2C","502832990","project.xml","xml","173042","https://drop3.dropmefiles.com/dl/k0q2C/502832990"
"k0q2C","502832991","qsvgicon.dll","dll","38256","https://drop3.dropmefiles.com/dl/k0q2C/502832991"
"k0q2C","502832992","qdds.dll","dll","46960","https://drop3.dropmefiles.com/dl/k0q2C/502832992"
"k0q2C","502832993","qgif.dll","dll","33136","https://drop3.dropmefiles.com/dl/k0q2C/502832993"
"k0q2C","502832994","qicns.dll","dll","39280","https://drop3.dropmefiles.com/dl/k0q2C/502832994"
"k0q2C","502832995","qico.dll","dll","33648","https://drop3.dropmefiles.com/dl/k0q2C/502832995"
"k0q2C","502832996","qjpeg.dll","dll","251760","https://drop3.dropmefiles.com/dl/k0q2C/502832996"
"k0q2C","502832997","qsvg.dll","dll","27504","https://drop3.dropmefiles.com/dl/k0q2C/502832997"
"k0q2C","502832998","qtga.dll","dll","26480","https://drop3.dropmefiles.com/dl/k0q2C/502832998"
"k0q2C","502832999","qtiff.dll","dll","321904","https://drop3.dropmefiles.com/dl/k0q2C/502832999"
"k0q2C","502833000","qwbmp.dll","dll","26480","https://drop3.dropmefiles.com/dl/k0q2C/502833000"
"k0q2C","502833001","qwebp.dll","dll","333168","https://drop3.dropmefiles.com/dl/k0q2C/502833001"
"k0q2C","502833002","libeay32.dll","dll","1178480","https://drop3.dropmefiles.com/dl/k0q2C/502833002"
"k0q2C","502833003","libEGL.dll","dll","18800","https://drop3.dropmefiles.com/dl/k0q2C/502833003"
"k0q2C","502833004","libGLESV2.dll","dll","1610096","https://drop3.dropmefiles.com/dl/k0q2C/502833004"
"k0q2C","502833005","msvcp120.dll","dll","455328","https://drop3.dropmefiles.com/dl/k0q2C/502833005"
"k0q2C","502833006","msvcr120.dll","dll","970912","https://drop3.dropmefiles.com/dl/k0q2C/502833006"
"k0q2C","502833007","opengl32sw.dll","dll","15229296","https://drop3.dropmefiles.com/dl/k0q2C/502833007"
"k0q2C","502833008","qwindows.dll","dll","1029488","https://drop3.dropmefiles.com/dl/k0q2C/502833008"
"k0q2C","502833009","Qt5Core.dll","dll","4674928","https://drop3.dropmefiles.com/dl/k0q2C/502833009"
"k0q2C","502833010","Qt5Gui.dll","dll","5022064","https://drop3.dropmefiles.com/dl/k0q2C/502833010"
"k0q2C","502833011","Qt5Network.dll","dll","860528","https://drop3.dropmefiles.com/dl/k0q2C/502833011"
"k0q2C","502833012","Qt5Svg.dll","dll","259952","https://drop3.dropmefiles.com/dl/k0q2C/502833012"
"k0q2C","502833013","Qt5Widgets.dll","dll","4467568","https://drop3.dropmefiles.com/dl/k0q2C/502833013"
"k0q2C","502833014","ssleay32.dll","dll","276848","https://drop3.dropmefiles.com/dl/k0q2C/502833014"
"k0q2C","502833015","qt_ca.qm","qm","174279","https://drop3.dropmefiles.com/dl/k0q2C/502833015"
"k0q2C","502833016","qt_cs.qm","qm","158455","https://drop3.dropmefiles.com/dl/k0q2C/502833016"
"k0q2C","502833017","qt_de.qm","qm","172854","https://drop3.dropmefiles.com/dl/k0q2C/502833017"
"k0q2C","502833018","qt_en.qm","qm","23","https://drop3.dropmefiles.com/dl/k0q2C/502833018"
"k0q2C","502833019","qt_fi.qm","qm","160704","https://drop3.dropmefiles.com/dl/k0q2C/502833019"
"k0q2C","502833020","qt_fr.qm","qm","166157","https://drop3.dropmefiles.com/dl/k0q2C/502833020"
"k0q2C","502833021","qt_he.qm","qm","139222","https://drop3.dropmefiles.com/dl/k0q2C/502833021"
"k0q2C","502833022","qt_hu.qm","qm","90989","https://drop3.dropmefiles.com/dl/k0q2C/502833022"
"k0q2C","502833023","qt_it.qm","qm","154226","https://drop3.dropmefiles.com/dl/k0q2C/502833023"
"k0q2C","502833024","qt_ja.qm","qm","129904","https://drop3.dropmefiles.com/dl/k0q2C/502833024"
"k0q2C","502833025","qt_ko.qm","qm","124101","https://drop3.dropmefiles.com/dl/k0q2C/502833025"
"k0q2C","502833026","qt_lv.qm","qm","153598","https://drop3.dropmefiles.com/dl/k0q2C/502833026"
"k0q2C","502833027","qt_ru.qm","qm","158824","https://drop3.dropmefiles.com/dl/k0q2C/502833027"
"k0q2C","502833028","qt_sk.qm","qm","125753","https://drop3.dropmefiles.com/dl/k0q2C/502833028"
"k0q2C","502833029","qt_uk.qm","qm","158319","https://drop3.dropmefiles.com/dl/k0q2C/502833029"
"lOZ7Z","502687048","шарики.zip","zip","384419770","https://drop1.dropmefiles.com/dl/lOZ7Z/502687048"
"mQGW5","502431508","Новое.rar","rar","3125227","https://drop1.dropmefiles.com/dl/mQGW5/502431508"
"mZ7G4","501906722","1-10+15 (1).jpg","jpg","105662","https://drop1.dropmefiles.com/dl/mZ7G4/501906722"
"mZ7G4","501906723","1-10+15 (10).jpg","jpg","63554","https://drop1.dropmefiles.com/dl/mZ7G4/501906723"
"mZ7G4","501906724","1-10+15 (11).jpg","jpg","104436","https://drop1.dropmefiles.com/dl/mZ7G4/501906724"
"mZ7G4","501906725","1-10+15 (12).jpg","jpg","72150","https://drop1.dropmefiles.com/dl/mZ7G4/501906725"
"mZ7G4","501906726","1-10+15 (13).jpg","jpg","59803","https://drop1.dropmefiles.com/dl/mZ7G4/501906726"
"mZ7G4","501906727","1-10+15 (14).jpg","jpg","81807","https://drop1.dropmefiles.com/dl/mZ7G4/501906727"
"mZ7G4","501906728","1-10+15 (15).jpg","jpg","98223","https://drop1.dropmefiles.com/dl/mZ7G4/501906728"
"mZ7G4","501906729","1-10+15 (16).jpg","jpg","118767","https://drop1.dropmefiles.com/dl/mZ7G4/501906729"
"mZ7G4","501906730","1-10+15 (2).jpg","jpg","147859","https://drop1.dropmefiles.com/dl/mZ7G4/501906730"
"mZ7G4","501906731","1-10+15 (3).jpg","jpg","89097","https://drop1.dropmefiles.com/dl/mZ7G4/501906731"
"mZ7G4","501906732","1-10+15 (4).jpg","jpg","40422","https://drop1.dropmefiles.com/dl/mZ7G4/501906732"
"mZ7G4","501906733","1-10+15 (5).jpg","jpg","81860","https://drop1.dropmefiles.com/dl/mZ7G4/501906733"
"mZ7G4","501906734","1-10+15 (6).jpg","jpg","114190","https://drop1.dropmefiles.com/dl/mZ7G4/501906734"
"mZ7G4","501906735","1-10+15 (7).jpg","jpg","93257","https://drop1.dropmefiles.com/dl/mZ7G4/501906735"
"mZ7G4","501906736","1-10+15 (8).jpg","jpg","113266","https://drop1.dropmefiles.com/dl/mZ7G4/501906736"
"mZ7G4","501906737","1-10+15 (9).jpg","jpg","75730","https://drop1.dropmefiles.com/dl/mZ7G4/501906737"
"nG7o2","502572236","trikz-stats-ml.smx","smx","12450","https://drop1.dropmefiles.com/dl/nG7o2/502572236"
"nh6Sb","502198353","Doc.rar","rar","55782291","https://drop5.dropmefiles.com/dl/nh6Sb/502198353"
"Nw1AW","501954859","Каталог по коллекции ВЛ 20.pdf","pdf","28847680","https://drop1.dropmefiles.com/dl/Nw1AW/501954859"
"P8BBe","503542254","А56-1012_2020.rar","rar","365369318","https://drop5.dropmefiles.com/dl/P8BBe/503542254"
"q6EfI","502110108","DSC_0002.JPG","jpg","1010768","https://drop5.dropmefiles.com/dl/q6EfI/502110108"
"q6EfI","502110109","DSC_0003.JPG","jpg","1011361","https://drop5.dropmefiles.com/dl/q6EfI/502110109"
"q6EfI","502110110","DSC_0007.JPG","jpg","975766","https://drop5.dropmefiles.com/dl/q6EfI/502110110"
"q6EfI","502110111","DSC_0012.JPG","jpg","944435","https://drop5.dropmefiles.com/dl/q6EfI/502110111"
"q6EfI","502110112","DSC_0016.JPG","jpg","910186","https://drop5.dropmefiles.com/dl/q6EfI/502110112"
"q6EfI","502110113","DSC_0017.JPG","jpg","902884","https://drop5.dropmefiles.com/dl/q6EfI/502110113"
"q6EfI","502110114","DSC_0018.JPG","jpg","1135208","https://drop5.dropmefiles.com/dl/q6EfI/502110114"
"q6EfI","502110115","DSC_0020.JPG","jpg","1125349","https://drop5.dropmefiles.com/dl/q6EfI/502110115"
"q6EfI","502110116","DSC_0022.JPG","jpg","947976","https://drop5.dropmefiles.com/dl/q6EfI/502110116"
"q6EfI","502110117","DSC_0023.JPG","jpg","1018771","https://drop5.dropmefiles.com/dl/q6EfI/502110117"
"q6EfI","502110118","DSC_0024.JPG","jpg","963253","https://drop5.dropmefiles.com/dl/q6EfI/502110118"
"q6EfI","502110119","DSC_0026.JPG","jpg","941996","https://drop5.dropmefiles.com/dl/q6EfI/502110119"
"q6EfI","502110120","DSC_0027.JPG","jpg","929039","https://drop5.dropmefiles.com/dl/q6EfI/502110120"
"q6EfI","502110121","DSC_0030.JPG","jpg","2009672","https://drop5.dropmefiles.com/dl/q6EfI/502110121"
"q6EfI","502110122","DSC_0031.JPG","jpg","2187474","https://drop5.dropmefiles.com/dl/q6EfI/502110122"
"q6EfI","502110123","DSC_0033.JPG","jpg","2318372","https://drop5.dropmefiles.com/dl/q6EfI/502110123"
"q6EfI","502110124","DSC_0045.JPG","jpg","1500853","https://drop5.dropmefiles.com/dl/q6EfI/502110124"
"q6EfI","502110125","DSC_0047.JPG","jpg","1701461","https://drop5.dropmefiles.com/dl/q6EfI/502110125"
"q6EfI","502110126","DSC_0056.JPG","jpg","1883344","https://drop5.dropmefiles.com/dl/q6EfI/502110126"
"q6EfI","502110127","DSC_0057.JPG","jpg","2725118","https://drop5.dropmefiles.com/dl/q6EfI/502110127"
"q6EfI","502110128","DSC_0059.JPG","jpg","2343070","https://drop5.dropmefiles.com/dl/q6EfI/502110128"
"q6EfI","502110129","DSC_0060.JPG","jpg","2685272","https://drop5.dropmefiles.com/dl/q6EfI/502110129"
"q6EfI","502110130","DSC_0061.JPG","jpg","2363584","https://drop5.dropmefiles.com/dl/q6EfI/502110130"
"q6EfI","502110131","DSC_0063.JPG","jpg","2016104","https://drop5.dropmefiles.com/dl/q6EfI/502110131"
"q6EfI","502110132","DSC_0065.JPG","jpg","2183635","https://drop5.dropmefiles.com/dl/q6EfI/502110132"
"q6EfI","502110133","DSC_0066.JPG","jpg","1981352","https://drop5.dropmefiles.com/dl/q6EfI/502110133"
"q6EfI","502110134","DSC_0076.JPG","jpg","1741842","https://drop5.dropmefiles.com/dl/q6EfI/502110134"
"q6EfI","502110135","DSC_0077.JPG","jpg","1548167","https://drop5.dropmefiles.com/dl/q6EfI/502110135"
"q6EfI","502110136","DSC_0079.JPG","jpg","1624945","https://drop5.dropmefiles.com/dl/q6EfI/502110136"
"q6EfI","502110137","DSC_0080.JPG","jpg","1701982","https://drop5.dropmefiles.com/dl/q6EfI/502110137"
"q6EfI","502110138","DSC_0082.JPG","jpg","1692604","https://drop5.dropmefiles.com/dl/q6EfI/502110138"
"q6EfI","502110139","DSC_0089.JPG","jpg","1435853","https://drop5.dropmefiles.com/dl/q6EfI/502110139"
"q6EfI","502110140","DSC_0092.JPG","jpg","1426486","https://drop5.dropmefiles.com/dl/q6EfI/502110140"
"q6EfI","502110141","DSC_0101.JPG","jpg","1646994","https://drop5.dropmefiles.com/dl/q6EfI/502110141"
"q6EfI","502110142","DSC_0102.JPG","jpg","1707656","https://drop5.dropmefiles.com/dl/q6EfI/502110142"
"q6EfI","502110143","DSC_0115.JPG","jpg","1257952","https://drop5.dropmefiles.com/dl/q6EfI/502110143"
"q6EfI","502110144","DSC_0116.JPG","jpg","1192843","https://drop5.dropmefiles.com/dl/q6EfI/502110144"
"q6EfI","502110145","DSC_0118.JPG","jpg","2384233","https://drop5.dropmefiles.com/dl/q6EfI/502110145"
"q6EfI","502110146","DSC_0119.JPG","jpg","2221749","https://drop5.dropmefiles.com/dl/q6EfI/502110146"
"q6EfI","502110147","DSC_0133.JPG","jpg","1787806","https://drop5.dropmefiles.com/dl/q6EfI/502110147"
"q6EfI","502110148","DSC_0134.JPG","jpg","1805996","https://drop5.dropmefiles.com/dl/q6EfI/502110148"
"q6EfI","502110149","DSC_0138.JPG","jpg","1454812","https://drop5.dropmefiles.com/dl/q6EfI/502110149"
"q6EfI","502110150","DSC_0139.JPG","jpg","1920140","https://drop5.dropmefiles.com/dl/q6EfI/502110150"
"q6EfI","502110151","DSC_0143.JPG","jpg","1655282","https://drop5.dropmefiles.com/dl/q6EfI/502110151"
"q6EfI","502110152","DSC_0146.JPG","jpg","1481184","https://drop5.dropmefiles.com/dl/q6EfI/502110152"
"q6EfI","502110153","DSC_0148.JPG","jpg","1172875","https://drop5.dropmefiles.com/dl/q6EfI/502110153"
"q6EfI","502110154","DSC_0150.JPG","jpg","1236517","https://drop5.dropmefiles.com/dl/q6EfI/502110154"
"q6EfI","502110155","DSC_0151.JPG","jpg","1324083","https://drop5.dropmefiles.com/dl/q6EfI/502110155"
"q6EfI","502110156","DSC_0153.JPG","jpg","1375888","https://drop5.dropmefiles.com/dl/q6EfI/502110156"
"q6EfI","502110157","DSC_0159.JPG","jpg","1860148","https://drop5.dropmefiles.com/dl/q6EfI/502110157"
"q6EfI","502110158","DSC_0163.JPG","jpg","1469511","https://drop5.dropmefiles.com/dl/q6EfI/502110158"
"q6EfI","502110159","DSC_0167.JPG","jpg","1590355","https://drop5.dropmefiles.com/dl/q6EfI/502110159"
"q6EfI","502110160","DSC_0169.JPG","jpg","1788420","https://drop5.dropmefiles.com/dl/q6EfI/502110160"
"q6EfI","502110161","DSC_0170.JPG","jpg","1433667","https://drop5.dropmefiles.com/dl/q6EfI/502110161"
"q6EfI","502110162","DSC_0172.JPG","jpg","1562835","https://drop5.dropmefiles.com/dl/q6EfI/502110162"
"q6EfI","502110163","DSC_0177.JPG","jpg","1774720","https://drop5.dropmefiles.com/dl/q6EfI/502110163"
"q6EfI","502110164","DSC_0178.JPG","jpg","1770841","https://drop5.dropmefiles.com/dl/q6EfI/502110164"
"q6EfI","502110165","DSC_0181.JPG","jpg","1099933","https://drop5.dropmefiles.com/dl/q6EfI/502110165"
"q6EfI","502110166","DSC_0182.JPG","jpg","995018","https://drop5.dropmefiles.com/dl/q6EfI/502110166"
"q6EfI","502110167","DSC_0186.JPG","jpg","1278628","https://drop5.dropmefiles.com/dl/q6EfI/502110167"
"q6EfI","502110168","DSC_0188.JPG","jpg","1053605","https://drop5.dropmefiles.com/dl/q6EfI/502110168"
"q6EfI","502110169","DSC_0189.JPG","jpg","1230702","https://drop5.dropmefiles.com/dl/q6EfI/502110169"
"q6EfI","502110170","DSC_0190.JPG","jpg","1380217","https://drop5.dropmefiles.com/dl/q6EfI/502110170"
"q6EfI","502110171","DSC_0192.JPG","jpg","1397351","https://drop5.dropmefiles.com/dl/q6EfI/502110171"
"q6EfI","502110172","DSC_0194.JPG","jpg","1236934","https://drop5.dropmefiles.com/dl/q6EfI/502110172"
"q6EfI","502110173","DSC_0199.JPG","jpg","1126109","https://drop5.dropmefiles.com/dl/q6EfI/502110173"
"q6EfI","502110174","DSC_0204.JPG","jpg","1314098","https://drop5.dropmefiles.com/dl/q6EfI/502110174"
"q6EfI","502110175","DSC_0205.JPG","jpg","1340828","https://drop5.dropmefiles.com/dl/q6EfI/502110175"
"q6EfI","502110176","DSC_0216.JPG","jpg","1566228","https://drop5.dropmefiles.com/dl/q6EfI/502110176"
"q6EfI","502110177","DSC_2575.JPG","jpg","1569799","https://drop5.dropmefiles.com/dl/q6EfI/502110177"
"q6EfI","502110178","DSC_2582.JPG","jpg","1224757","https://drop5.dropmefiles.com/dl/q6EfI/502110178"
"q6EfI","502110179","DSC_2585.JPG","jpg","1299470","https://drop5.dropmefiles.com/dl/q6EfI/502110179"
"q6EfI","502110180","DSC_2587.JPG","jpg","1288754","https://drop5.dropmefiles.com/dl/q6EfI/502110180"
"q6EfI","502110181","DSC_2588.JPG","jpg","1412910","https://drop5.dropmefiles.com/dl/q6EfI/502110181"
"q6EfI","502110182","DSC_2598.JPG","jpg","815425","https://drop5.dropmefiles.com/dl/q6EfI/502110182"
"q6EfI","502110183","DSC_2602.JPG","jpg","1055461","https://drop5.dropmefiles.com/dl/q6EfI/502110183"
"q6EfI","502110184","DSC_2603.JPG","jpg","1094925","https://drop5.dropmefiles.com/dl/q6EfI/502110184"
"q6EfI","502110185","DSC_2604.JPG","jpg","1036154","https://drop5.dropmefiles.com/dl/q6EfI/502110185"
"q6EfI","502110186","DSC_2606.JPG","jpg","964179","https://drop5.dropmefiles.com/dl/q6EfI/502110186"
"q6EfI","502110187","DSC_2607.JPG","jpg","1130849","https://drop5.dropmefiles.com/dl/q6EfI/502110187"
"q6EfI","502110188","DSC_2610.JPG","jpg","1166138","https://drop5.dropmefiles.com/dl/q6EfI/502110188"
"q6EfI","502110189","DSC_2613.JPG","jpg","1231210","https://drop5.dropmefiles.com/dl/q6EfI/502110189"
"q6EfI","502110190","DSC_2622.JPG","jpg","1126216","https://drop5.dropmefiles.com/dl/q6EfI/502110190"
"q6EfI","502110191","DSC_2624.JPG","jpg","896716","https://drop5.dropmefiles.com/dl/q6EfI/502110191"
"q6EfI","502110192","DSC_2629.JPG","jpg","738114","https://drop5.dropmefiles.com/dl/q6EfI/502110192"
"q6EfI","502110193","DSC_2630.JPG","jpg","940553","https://drop5.dropmefiles.com/dl/q6EfI/502110193"
"q6EfI","502110194","DSC_2643.JPG","jpg","808271","https://drop5.dropmefiles.com/dl/q6EfI/502110194"
"q6EfI","502110195","DSC_2644.JPG","jpg","765958","https://drop5.dropmefiles.com/dl/q6EfI/502110195"
"q6EfI","502110196","DSC_2646.JPG","jpg","914728","https://drop5.dropmefiles.com/dl/q6EfI/502110196"
"q6EfI","502110197","DSC_2649.JPG","jpg","811395","https://drop5.dropmefiles.com/dl/q6EfI/502110197"
"q6EfI","502110198","DSC_2651.JPG","jpg","1060077","https://drop5.dropmefiles.com/dl/q6EfI/502110198"
"q6EfI","502110199","DSC_2653.JPG","jpg","991445","https://drop5.dropmefiles.com/dl/q6EfI/502110199"
"q6EfI","502110200","DSC_2663.JPG","jpg","1011612","https://drop5.dropmefiles.com/dl/q6EfI/502110200"
"q6EfI","502110201","DSC_2670.JPG","jpg","691985","https://drop5.dropmefiles.com/dl/q6EfI/502110201"
"q6EfI","502110202","DSC_2678.JPG","jpg","690996","https://drop5.dropmefiles.com/dl/q6EfI/502110202"
"q6EfI","502110203","DSC_2685.JPG","jpg","1012951","https://drop5.dropmefiles.com/dl/q6EfI/502110203"
"q6EfI","502110204","DSC_2694.JPG","jpg","1664513","https://drop5.dropmefiles.com/dl/q6EfI/502110204"
"q6EfI","502110205","DSC_2704.JPG","jpg","1258003","https://drop5.dropmefiles.com/dl/q6EfI/502110205"
"q6EfI","502110206","DSC_2706.JPG","jpg","1586149","https://drop5.dropmefiles.com/dl/q6EfI/502110206"
"q6EfI","502110207","DSC_2715.JPG","jpg","1401778","https://drop5.dropmefiles.com/dl/q6EfI/502110207"
"q6EfI","502110208","DSC_2725.JPG","jpg","1443766","https://drop5.dropmefiles.com/dl/q6EfI/502110208"
"q6EfI","502110209","DSC_2728.JPG","jpg","1304839","https://drop5.dropmefiles.com/dl/q6EfI/502110209"
"q6EfI","502110210","DSC_2730.JPG","jpg","1507535","https://drop5.dropmefiles.com/dl/q6EfI/502110210"
"q6EfI","502110211","DSC_2734.JPG","jpg","1379346","https://drop5.dropmefiles.com/dl/q6EfI/502110211"
"q6EfI","502110212","DSC_2746.JPG","jpg","1289328","https://drop5.dropmefiles.com/dl/q6EfI/502110212"
"q6EfI","502110213","DSC_2754.JPG","jpg","1774123","https://drop5.dropmefiles.com/dl/q6EfI/502110213"
"q6EfI","502110214","DSC_2758.JPG","jpg","1607067","https://drop5.dropmefiles.com/dl/q6EfI/502110214"
"q6EfI","502110215","DSC_2759.JPG","jpg","1519743","https://drop5.dropmefiles.com/dl/q6EfI/502110215"
"q6EfI","502110216","DSC_2774.JPG","jpg","1480776","https://drop5.dropmefiles.com/dl/q6EfI/502110216"
"q6EfI","502110217","DSC_2778.JPG","jpg","1617059","https://drop5.dropmefiles.com/dl/q6EfI/502110217"
"q6EfI","502110218","DSC_2779.JPG","jpg","2099948","https://drop5.dropmefiles.com/dl/q6EfI/502110218"
"q6EfI","502110219","DSC_2780.JPG","jpg","2134138","https://drop5.dropmefiles.com/dl/q6EfI/502110219"
"q6EfI","502110220","DSC_2788.JPG","jpg","1440700","https://drop5.dropmefiles.com/dl/q6EfI/502110220"
"q6EfI","502110221","DSC_2789.JPG","jpg","1594627","https://drop5.dropmefiles.com/dl/q6EfI/502110221"
"q6EfI","502110222","DSC_2790.JPG","jpg","1600409","https://drop5.dropmefiles.com/dl/q6EfI/502110222"
"q6EfI","502110223","DSC_2791.JPG","jpg","1509121","https://drop5.dropmefiles.com/dl/q6EfI/502110223"
"q6EfI","502110224","DSC_2795.JPG","jpg","995169","https://drop5.dropmefiles.com/dl/q6EfI/502110224"
"q6EfI","502110225","DSC_2798.JPG","jpg","1087222","https://drop5.dropmefiles.com/dl/q6EfI/502110225"
"q6EfI","502110226","DSC_2799.JPG","jpg","1250452","https://drop5.dropmefiles.com/dl/q6EfI/502110226"
"q6EfI","502110227","DSC_2800.JPG","jpg","1081233","https://drop5.dropmefiles.com/dl/q6EfI/502110227"
"q6EfI","502110228","DSC_2802.JPG","jpg","1121068","https://drop5.dropmefiles.com/dl/q6EfI/502110228"
"q6EfI","502110229","DSC_2804.JPG","jpg","1058547","https://drop5.dropmefiles.com/dl/q6EfI/502110229"
"q6EfI","502110230","DSC_2809.JPG","jpg","1393987","https://drop5.dropmefiles.com/dl/q6EfI/502110230"
"q6EfI","502110231","DSC_2814.JPG","jpg","1377398","https://drop5.dropmefiles.com/dl/q6EfI/502110231"
"q6EfI","502110232","DSC_2818.JPG","jpg","1429890","https://drop5.dropmefiles.com/dl/q6EfI/502110232"
"q6EfI","502110233","DSC_2821.JPG","jpg","1493734","https://drop5.dropmefiles.com/dl/q6EfI/502110233"
"q6EfI","502110234","DSC_2826.JPG","jpg","1280900","https://drop5.dropmefiles.com/dl/q6EfI/502110234"
"q6EfI","502110235","DSC_2828.JPG","jpg","1178484","https://drop5.dropmefiles.com/dl/q6EfI/502110235"
"q6EfI","502110236","DSC_2836.JPG","jpg","1137598","https://drop5.dropmefiles.com/dl/q6EfI/502110236"
"q6EfI","502110237","DSC_2842.JPG","jpg","1046145","https://drop5.dropmefiles.com/dl/q6EfI/502110237"
"q6EfI","502110238","DSC_2844.JPG","jpg","1099095","https://drop5.dropmefiles.com/dl/q6EfI/502110238"
"q6EfI","502110239","DSC_2847.JPG","jpg","1149422","https://drop5.dropmefiles.com/dl/q6EfI/502110239"
"q6EfI","502110240","DSC_2861.JPG","jpg","821267","https://drop5.dropmefiles.com/dl/q6EfI/502110240"
"q6EfI","502110241","DSC_2864.JPG","jpg","928692","https://drop5.dropmefiles.com/dl/q6EfI/502110241"
"q6EfI","502110242","DSC_2866.JPG","jpg","983625","https://drop5.dropmefiles.com/dl/q6EfI/502110242"
"q6EfI","502110243","DSC_2872.JPG","jpg","896022","https://drop5.dropmefiles.com/dl/q6EfI/502110243"
"q6EfI","502110244","DSC_2875.JPG","jpg","913802","https://drop5.dropmefiles.com/dl/q6EfI/502110244"
"q6EfI","502110245","DSC_2876.JPG","jpg","910764","https://drop5.dropmefiles.com/dl/q6EfI/502110245"
"q6EfI","502110246","DSC_2879.JPG","jpg","1149083","https://drop5.dropmefiles.com/dl/q6EfI/502110246"
"q6EfI","502110247","DSC_2880.JPG","jpg","1174591","https://drop5.dropmefiles.com/dl/q6EfI/502110247"
"q6EfI","502110248","DSC_2882.JPG","jpg","1065051","https://drop5.dropmefiles.com/dl/q6EfI/502110248"
"q6EfI","502110249","DSC_2883.JPG","jpg","1083508","https://drop5.dropmefiles.com/dl/q6EfI/502110249"
"q6EfI","502110250","DSC_2886.JPG","jpg","874557","https://drop5.dropmefiles.com/dl/q6EfI/502110250"
"q6EfI","502110251","DSC_2887.JPG","jpg","1008986","https://drop5.dropmefiles.com/dl/q6EfI/502110251"
"q6EfI","502110252","DSC_2891.JPG","jpg","924336","https://drop5.dropmefiles.com/dl/q6EfI/502110252"
"q6EfI","502110253","DSC_2893.JPG","jpg","1123211","https://drop5.dropmefiles.com/dl/q6EfI/502110253"
"q6EfI","502110254","DSC_2895.JPG","jpg","1022708","https://drop5.dropmefiles.com/dl/q6EfI/502110254"
"q6EfI","502110255","DSC_2903.JPG","jpg","939727","https://drop5.dropmefiles.com/dl/q6EfI/502110255"
"q6EfI","502110256","DSC_2911.JPG","jpg","1409410","https://drop5.dropmefiles.com/dl/q6EfI/502110256"
"q6EfI","502110257","DSC_2916.JPG","jpg","1466721","https://drop5.dropmefiles.com/dl/q6EfI/502110257"
"q6EfI","502110258","DSC_2917.JPG","jpg","1380725","https://drop5.dropmefiles.com/dl/q6EfI/502110258"
"q6EfI","502110259","DSC_2922.JPG","jpg","1172323","https://drop5.dropmefiles.com/dl/q6EfI/502110259"
"q6EfI","502110260","DSC_2927.JPG","jpg","1058985","https://drop5.dropmefiles.com/dl/q6EfI/502110260"
"q6EfI","502110261","DSC_2928.JPG","jpg","1109431","https://drop5.dropmefiles.com/dl/q6EfI/502110261"
"q6EfI","502110262","DSC_2932.JPG","jpg","1152687","https://drop5.dropmefiles.com/dl/q6EfI/502110262"
"q6EfI","502110263","DSC_2939.JPG","jpg","965139","https://drop5.dropmefiles.com/dl/q6EfI/502110263"
"Sk076","502920530","DSC_0566.psd","psd","137465419","https://drop3.dropmefiles.com/dl/Sk076/502920530"
"TKVc8","502185107","DSC_3807.jpg","jpg","4990679","https://drop3.dropmefiles.com/dl/TKVc8/502185107"
"TKVc8","502185426","DSC_3855.jpg","jpg","6031561","https://drop3.dropmefiles.com/dl/TKVc8/502185426"
"TKVc8","502188499","5J1A4696-HDR_корп отделение.jpg","jpg","9171216","https://drop3.dropmefiles.com/dl/TKVc8/502188499"
"ux4px","503203423","Anketa_krivye.cdr","cdr","142038","https://drop1.dropmefiles.com/dl/ux4px/503203423"
"ux4px","503203424","Buklet_2020_novinki_krivye.cdr","cdr","479129848","https://drop1.dropmefiles.com/dl/ux4px/503203424"
"ux4px","503203425","hokla_A4_PRINT.cdr","cdr","114191928","https://drop1.dropmefiles.com/dl/ux4px/503203425"
"ux4px","503203426","kirpich_A4_PRINT.cdr","cdr","119323073","https://drop1.dropmefiles.com/dl/ux4px/503203426"
"uyW42","502597038","5H2A4261.jpg","jpg","9833923","https://drop5.dropmefiles.com/dl/uyW42/502597038"
"uyW42","502597039","5H2A4263.jpg","jpg","11474821","https://drop5.dropmefiles.com/dl/uyW42/502597039"
"uyW42","502597040","5H2A4265.jpg","jpg","6145395","https://drop5.dropmefiles.com/dl/uyW42/502597040"
"uyW42","502597041","5H2A4266.jpg","jpg","9561307","https://drop5.dropmefiles.com/dl/uyW42/502597041"
"uyW42","502597042","5H2A4267.jpg","jpg","8712626","https://drop5.dropmefiles.com/dl/uyW42/502597042"
"uyW42","502597043","5H2A4270.jpg","jpg","10253660","https://drop5.dropmefiles.com/dl/uyW42/502597043"
"uyW42","502597044","5H2A4271.jpg","jpg","10118242","https://drop5.dropmefiles.com/dl/uyW42/502597044"
"uyW42","502597045","5H2A4273.jpg","jpg","11194068","https://drop5.dropmefiles.com/dl/uyW42/502597045"
"uyW42","502597046","5H2A4275.jpg","jpg","11793140","https://drop5.dropmefiles.com/dl/uyW42/502597046"
"uyW42","502597047","5H2A4276.jpg","jpg","12053538","https://drop5.dropmefiles.com/dl/uyW42/502597047"
"uyW42","502597048","5H2A4280.jpg","jpg","11689638","https://drop5.dropmefiles.com/dl/uyW42/502597048"
"uyW42","502597049","5H2A4281.jpg","jpg","11367796","https://drop5.dropmefiles.com/dl/uyW42/502597049"
"uyW42","502597050","5H2A4284.jpg","jpg","11833277","https://drop5.dropmefiles.com/dl/uyW42/502597050"
"uyW42","502597051","5H2A4289.jpg","jpg","12499131","https://drop5.dropmefiles.com/dl/uyW42/502597051"
"uyW42","502597052","5H2A4290.jpg","jpg","12363173","https://drop5.dropmefiles.com/dl/uyW42/502597052"
"uyW42","502597053","5H2A4291.jpg","jpg","12679349","https://drop5.dropmefiles.com/dl/uyW42/502597053"
"uyW42","502597054","5H2A4295.jpg","jpg","10602403","https://drop5.dropmefiles.com/dl/uyW42/502597054"
"uyW42","502597055","5H2A4300.jpg","jpg","10250931","https://drop5.dropmefiles.com/dl/uyW42/502597055"
"uyW42","502597056","5H2A4301.jpg","jpg","10707628","https://drop5.dropmefiles.com/dl/uyW42/502597056"
"uyW42","502597057","5H2A4304.jpg","jpg","11222353","https://drop5.dropmefiles.com/dl/uyW42/502597057"
"uyW42","502597058","5H2A4306.jpg","jpg","11616213","https://drop5.dropmefiles.com/dl/uyW42/502597058"
"uyW42","502597059","5H2A4307.jpg","jpg","12024901","https://drop5.dropmefiles.com/dl/uyW42/502597059"
"uyW42","502597060","5H2A4310.jpg","jpg","7058329","https://drop5.dropmefiles.com/dl/uyW42/502597060"
"uyW42","502597061","5H2A4317.jpg","jpg","11348930","https://drop5.dropmefiles.com/dl/uyW42/502597061"
"uyW42","502597062","5H2A4319.jpg","jpg","10458453","https://drop5.dropmefiles.com/dl/uyW42/502597062"
"uyW42","502597063","5H2A4320.jpg","jpg","12155886","https://drop5.dropmefiles.com/dl/uyW42/502597063"
"uyW42","502597064","5H2A4324.jpg","jpg","11941226","https://drop5.dropmefiles.com/dl/uyW42/502597064"
"uyW42","502597065","5H2A4327.jpg","jpg","11848041","https://drop5.dropmefiles.com/dl/uyW42/502597065"
"uyW42","502597066","5H2A4331.jpg","jpg","11283389","https://drop5.dropmefiles.com/dl/uyW42/502597066"
"uyW42","502597067","5H2A4336.jpg","jpg","8723879","https://drop5.dropmefiles.com/dl/uyW42/502597067"
"uyW42","502597068","5H2A4338.jpg","jpg","9736200","https://drop5.dropmefiles.com/dl/uyW42/502597068"
"uyW42","502597069","5H2A4340.jpg","jpg","11351704","https://drop5.dropmefiles.com/dl/uyW42/502597069"
"uyW42","502597070","5H2A4342.jpg","jpg","11464267","https://drop5.dropmefiles.com/dl/uyW42/502597070"
"uyW42","502597071","5H2A4347.jpg","jpg","11146666","https://drop5.dropmefiles.com/dl/uyW42/502597071"
"uyW42","502597072","5H2A4348.jpg","jpg","11140044","https://drop5.dropmefiles.com/dl/uyW42/502597072"
"uyW42","502597073","5H2A4349.jpg","jpg","11067944","https://drop5.dropmefiles.com/dl/uyW42/502597073"
"uyW42","502597074","5H2A4351.jpg","jpg","10849085","https://drop5.dropmefiles.com/dl/uyW42/502597074"
"uyW42","502597075","5H2A4353.jpg","jpg","11165420","https://drop5.dropmefiles.com/dl/uyW42/502597075"
"uyW42","502597076","5H2A4356.jpg","jpg","11495272","https://drop5.dropmefiles.com/dl/uyW42/502597076"
"uyW42","502597077","5H2A4359.jpg","jpg","11917088","https://drop5.dropmefiles.com/dl/uyW42/502597077"
"uyW42","502597078","5H2A4360.jpg","jpg","11229008","https://drop5.dropmefiles.com/dl/uyW42/502597078"
"uyW42","502597079","5H2A4362.jpg","jpg","8420801","https://drop5.dropmefiles.com/dl/uyW42/502597079"
"uyW42","502597080","5H2A4364.jpg","jpg","11007923","https://drop5.dropmefiles.com/dl/uyW42/502597080"
"uyW42","502597081","5H2A4365.jpg","jpg","10038726","https://drop5.dropmefiles.com/dl/uyW42/502597081"
"uyW42","502597082","5H2A4366.jpg","jpg","12901800","https://drop5.dropmefiles.com/dl/uyW42/502597082"
"uyW42","502597083","5H2A4370.jpg","jpg","12561717","https://drop5.dropmefiles.com/dl/uyW42/502597083"
"uyW42","502597084","5H2A4371.jpg","jpg","12494687","https://drop5.dropmefiles.com/dl/uyW42/502597084"
"uyW42","502597085","5H2A4372.jpg","jpg","11980165","https://drop5.dropmefiles.com/dl/uyW42/502597085"
"uyW42","502597086","5H2A4375.jpg","jpg","12237904","https://drop5.dropmefiles.com/dl/uyW42/502597086"
"uyW42","502597087","5H2A4377.jpg","jpg","10342223","https://drop5.dropmefiles.com/dl/uyW42/502597087"
"uyW42","502597088","5H2A4379.jpg","jpg","11056241","https://drop5.dropmefiles.com/dl/uyW42/502597088"
"uyW42","502597089","5H2A4380.jpg","jpg","10511285","https://drop5.dropmefiles.com/dl/uyW42/502597089"
"uyW42","502597090","5H2A4382.jpg","jpg","11736732","https://drop5.dropmefiles.com/dl/uyW42/502597090"
"uyW42","502597091","5H2A4385.jpg","jpg","11454348","https://drop5.dropmefiles.com/dl/uyW42/502597091"
"uyW42","502597092","5H2A4387.jpg","jpg","11506718","https://drop5.dropmefiles.com/dl/uyW42/502597092"
"uyW42","502597093","5H2A4389.jpg","jpg","11219951","https://drop5.dropmefiles.com/dl/uyW42/502597093"
"uyW42","502597094","5H2A4390.jpg","jpg","11520896","https://drop5.dropmefiles.com/dl/uyW42/502597094"
"uyW42","502597095","5H2A4392.jpg","jpg","11941319","https://drop5.dropmefiles.com/dl/uyW42/502597095"
"uyW42","502597096","5H2A4394.jpg","jpg","10804337","https://drop5.dropmefiles.com/dl/uyW42/502597096"
"uyW42","502597097","5H2A4395.jpg","jpg","10692452","https://drop5.dropmefiles.com/dl/uyW42/502597097"
"uyW42","502597098","5H2A4396.jpg","jpg","11195849","https://drop5.dropmefiles.com/dl/uyW42/502597098"
"uyW42","502597099","5H2A4397.jpg","jpg","11389242","https://drop5.dropmefiles.com/dl/uyW42/502597099"
"uyW42","502597100","5H2A4401.jpg","jpg","12172566","https://drop5.dropmefiles.com/dl/uyW42/502597100"
"uyW42","502597101","5H2A4403.jpg","jpg","12648671","https://drop5.dropmefiles.com/dl/uyW42/502597101"
"uyW42","502597102","5H2A4405.jpg","jpg","12032157","https://drop5.dropmefiles.com/dl/uyW42/502597102"
"uyW42","502597103","5H2A4407.jpg","jpg","9792443","https://drop5.dropmefiles.com/dl/uyW42/502597103"
"uyW42","502597104","5H2A4410.jpg","jpg","12022762","https://drop5.dropmefiles.com/dl/uyW42/502597104"
"uyW42","502597105","5H2A4414.jpg","jpg","10937022","https://drop5.dropmefiles.com/dl/uyW42/502597105"
"uyW42","502597106","5H2A4416.jpg","jpg","11113166","https://drop5.dropmefiles.com/dl/uyW42/502597106"
"uyW42","502597107","5H2A4418.jpg","jpg","11109896","https://drop5.dropmefiles.com/dl/uyW42/502597107"
"uyW42","502597108","5H2A4420.jpg","jpg","11804569","https://drop5.dropmefiles.com/dl/uyW42/502597108"
"uyW42","502597109","5H2A4421.jpg","jpg","11896678","https://drop5.dropmefiles.com/dl/uyW42/502597109"
"uyW42","502597110","5H2A4423.jpg","jpg","11421130","https://drop5.dropmefiles.com/dl/uyW42/502597110"
"uyW42","502597111","5H2A4424.jpg","jpg","10582509","https://drop5.dropmefiles.com/dl/uyW42/502597111"
"uyW42","502597112","5H2A4426.jpg","jpg","11859090","https://drop5.dropmefiles.com/dl/uyW42/502597112"
"uyW42","502597113","5H2A4428.jpg","jpg","12637363","https://drop5.dropmefiles.com/dl/uyW42/502597113"
"uyW42","502597114","5H2A4430.jpg","jpg","11956670","https://drop5.dropmefiles.com/dl/uyW42/502597114"
"uyW42","502597115","5H2A4431.jpg","jpg","11783757","https://drop5.dropmefiles.com/dl/uyW42/502597115"
"uyW42","502597116","5H2A4432.jpg","jpg","11823535","https://drop5.dropmefiles.com/dl/uyW42/502597116"
"uyW42","502597117","5H2A4435.jpg","jpg","10258140","https://drop5.dropmefiles.com/dl/uyW42/502597117"
"uyW42","502597118","5H2A4439.jpg","jpg","10020021","https://drop5.dropmefiles.com/dl/uyW42/502597118"
"uyW42","502597119","5H2A4441.jpg","jpg","11167356","https://drop5.dropmefiles.com/dl/uyW42/502597119"
"uyW42","502597120","5H2A4442.jpg","jpg","9800086","https://drop5.dropmefiles.com/dl/uyW42/502597120"
"uyW42","502597121","5H2A4445.jpg","jpg","10424427","https://drop5.dropmefiles.com/dl/uyW42/502597121"
"uyW42","502597122","5H2A4446.jpg","jpg","10280323","https://drop5.dropmefiles.com/dl/uyW42/502597122"
"uyW42","502597123","5H2A4450.jpg","jpg","9259529","https://drop5.dropmefiles.com/dl/uyW42/502597123"
"uyW42","502597124","5H2A4453.jpg","jpg","10998920","https://drop5.dropmefiles.com/dl/uyW42/502597124"
"uyW42","502597125","5H2A4454.jpg","jpg","10018948","https://drop5.dropmefiles.com/dl/uyW42/502597125"
"uyW42","502597126","5H2A4455.jpg","jpg","11364873","https://drop5.dropmefiles.com/dl/uyW42/502597126"
"uyW42","502597127","5H2A4456.jpg","jpg","9286663","https://drop5.dropmefiles.com/dl/uyW42/502597127"
"uyW42","502597128","5H2A4457.jpg","jpg","10161456","https://drop5.dropmefiles.com/dl/uyW42/502597128"
"uyW42","502597129","5H2A4458.jpg","jpg","8646183","https://drop5.dropmefiles.com/dl/uyW42/502597129"
"uyW42","502597130","5H2A4460.jpg","jpg","7674114","https://drop5.dropmefiles.com/dl/uyW42/502597130"
"uyW42","502597131","5H2A4462.jpg","jpg","8879121","https://drop5.dropmefiles.com/dl/uyW42/502597131"
"uyW42","502597132","5H2A4463.jpg","jpg","10636491","https://drop5.dropmefiles.com/dl/uyW42/502597132"
"uyW42","502597133","5H2A4464.jpg","jpg","10187809","https://drop5.dropmefiles.com/dl/uyW42/502597133"
"uyW42","502597134","5H2A4465.jpg","jpg","9810925","https://drop5.dropmefiles.com/dl/uyW42/502597134"
"uyW42","502597135","5H2A4468.jpg","jpg","9933029","https://drop5.dropmefiles.com/dl/uyW42/502597135"
"uyW42","502597136","5H2A4469.jpg","jpg","10095405","https://drop5.dropmefiles.com/dl/uyW42/502597136"
"uyW42","502597137","5H2A4472.jpg","jpg","9485606","https://drop5.dropmefiles.com/dl/uyW42/502597137"
"uyW42","502597138","5H2A4473.jpg","jpg","9584554","https://drop5.dropmefiles.com/dl/uyW42/502597138"
"uyW42","502597139","5H2A4476.jpg","jpg","11326672","https://drop5.dropmefiles.com/dl/uyW42/502597139"
"uyW42","502597140","5H2A4477.jpg","jpg","11103732","https://drop5.dropmefiles.com/dl/uyW42/502597140"
"uyW42","502597141","5H2A4483.jpg","jpg","11880781","https://drop5.dropmefiles.com/dl/uyW42/502597141"
"uyW42","502597142","5H2A4485.jpg","jpg","13049872","https://drop5.dropmefiles.com/dl/uyW42/502597142"
"uyW42","502597143","5H2A4487.jpg","jpg","11900878","https://drop5.dropmefiles.com/dl/uyW42/502597143"
"uyW42","502597144","5H2A4491.jpg","jpg","12743705","https://drop5.dropmefiles.com/dl/uyW42/502597144"
"uyW42","502597145","5H2A4495.jpg","jpg","12487760","https://drop5.dropmefiles.com/dl/uyW42/502597145"
"uyW42","502597146","5H2A4501.jpg","jpg","11334793","https://drop5.dropmefiles.com/dl/uyW42/502597146"
"uyW42","502597147","5H2A4504.jpg","jpg","10925842","https://drop5.dropmefiles.com/dl/uyW42/502597147"
"uyW42","502597148","5H2A4505.jpg","jpg","11059843","https://drop5.dropmefiles.com/dl/uyW42/502597148"
"uyW42","502597149","5H2A4513.jpg","jpg","11520220","https://drop5.dropmefiles.com/dl/uyW42/502597149"
"uyW42","502597150","5H2A4515.jpg","jpg","11461964","https://drop5.dropmefiles.com/dl/uyW42/502597150"
"uyW42","502597151","5H2A4516.jpg","jpg","12938867","https://drop5.dropmefiles.com/dl/uyW42/502597151"
"uyW42","502597152","5H2A4517.jpg","jpg","11281037","https://drop5.dropmefiles.com/dl/uyW42/502597152"
"uyW42","502597153","5H2A4518.jpg","jpg","12106969","https://drop5.dropmefiles.com/dl/uyW42/502597153"
"uyW42","502597154","5H2A4519.jpg","jpg","12440136","https://drop5.dropmefiles.com/dl/uyW42/502597154"
"uyW42","502597155","5H2A4521.jpg","jpg","11144784","https://drop5.dropmefiles.com/dl/uyW42/502597155"
"uyW42","502597156","5H2A4523.jpg","jpg","10907655","https://drop5.dropmefiles.com/dl/uyW42/502597156"
"uyW42","502597157","5H2A4524.jpg","jpg","11939078","https://drop5.dropmefiles.com/dl/uyW42/502597157"
"uyW42","502597158","5H2A4525.jpg","jpg","11555122","https://drop5.dropmefiles.com/dl/uyW42/502597158"
"uyW42","502597159","5H2A4528.jpg","jpg","9207424","https://drop5.dropmefiles.com/dl/uyW42/502597159"
"uyW42","502597160","5H2A4529.jpg","jpg","10774139","https://drop5.dropmefiles.com/dl/uyW42/502597160"
"uyW42","502597161","5H2A4530.jpg","jpg","8658193","https://drop5.dropmefiles.com/dl/uyW42/502597161"
"uyW42","502597162","5H2A4531.jpg","jpg","11092826","https://drop5.dropmefiles.com/dl/uyW42/502597162"
"uyW42","502597163","5H2A4533.jpg","jpg","11240258","https://drop5.dropmefiles.com/dl/uyW42/502597163"
"uyW42","502597164","5H2A4547.jpg","jpg","8814396","https://drop5.dropmefiles.com/dl/uyW42/502597164"
"uyW42","502597165","5H2A4549.jpg","jpg","7811892","https://drop5.dropmefiles.com/dl/uyW42/502597165"
"uyW42","502597166","5H2A4552.jpg","jpg","10121660","https://drop5.dropmefiles.com/dl/uyW42/502597166"
"uyW42","502597167","5H2A4555.jpg","jpg","8881084","https://drop5.dropmefiles.com/dl/uyW42/502597167"
"uyW42","502597168","5H2A4557.jpg","jpg","9950491","https://drop5.dropmefiles.com/dl/uyW42/502597168"
"uyW42","502597169","5H2A4560.jpg","jpg","9628732","https://drop5.dropmefiles.com/dl/uyW42/502597169"
"uyW42","502597170","5H2A4564.jpg","jpg","9639891","https://drop5.dropmefiles.com/dl/uyW42/502597170"
"uyW42","502597171","5H2A4567.jpg","jpg","9801364","https://drop5.dropmefiles.com/dl/uyW42/502597171"
"uyW42","502597172","5H2A4568.jpg","jpg","10045201","https://drop5.dropmefiles.com/dl/uyW42/502597172"
"uyW42","502597173","5H2A4569.jpg","jpg","10054173","https://drop5.dropmefiles.com/dl/uyW42/502597173"
"uyW42","502597174","5H2A4570.jpg","jpg","11502747","https://drop5.dropmefiles.com/dl/uyW42/502597174"
"uyW42","502597175","5H2A4574.jpg","jpg","9929676","https://drop5.dropmefiles.com/dl/uyW42/502597175"
"uyW42","502597176","5H2A4579.jpg","jpg","12738355","https://drop5.dropmefiles.com/dl/uyW42/502597176"
"uyW42","502597177","5H2A4580.jpg","jpg","12836063","https://drop5.dropmefiles.com/dl/uyW42/502597177"
"uyW42","502597178","5H2A4582.jpg","jpg","12850707","https://drop5.dropmefiles.com/dl/uyW42/502597178"
"uyW42","502597179","5H2A4585.jpg","jpg","12846679","https://drop5.dropmefiles.com/dl/uyW42/502597179"
"uyW42","502597180","5H2A4590.jpg","jpg","12118543","https://drop5.dropmefiles.com/dl/uyW42/502597180"
"uyW42","502597181","5H2A4594.jpg","jpg","12915649","https://drop5.dropmefiles.com/dl/uyW42/502597181"
"uyW42","502597182","5H2A4595.jpg","jpg","13467416","https://drop5.dropmefiles.com/dl/uyW42/502597182"
"uyW42","502597183","5H2A4602.jpg","jpg","11848922","https://drop5.dropmefiles.com/dl/uyW42/502597183"
"uyW42","502597184","5H2A4604.jpg","jpg","12113930","https://drop5.dropmefiles.com/dl/uyW42/502597184"
"uyW42","502597185","5H2A4606.jpg","jpg","10635690","https://drop5.dropmefiles.com/dl/uyW42/502597185"
"uyW42","502597186","5H2A4607.jpg","jpg","10522267","https://drop5.dropmefiles.com/dl/uyW42/502597186"
"uyW42","502597187","5H2A4608.jpg","jpg","10793774","https://drop5.dropmefiles.com/dl/uyW42/502597187"
"uyW42","502597188","5H2A4609.jpg","jpg","10563965","https://drop5.dropmefiles.com/dl/uyW42/502597188"
"uyW42","502597189","5H2A4610.jpg","jpg","11027855","https://drop5.dropmefiles.com/dl/uyW42/502597189"
"uyW42","502597190","5H2A4611.jpg","jpg","10250366","https://drop5.dropmefiles.com/dl/uyW42/502597190"
"uyW42","502597191","5H2A4612.jpg","jpg","11010407","https://drop5.dropmefiles.com/dl/uyW42/502597191"
"uyW42","502597192","5H2A4613.jpg","jpg","10868152","https://drop5.dropmefiles.com/dl/uyW42/502597192"
"uyW42","502597193","5H2A4614.jpg","jpg","11369317","https://drop5.dropmefiles.com/dl/uyW42/502597193"
"uyW42","502597194","5H2A4617.jpg","jpg","10621794","https://drop5.dropmefiles.com/dl/uyW42/502597194"
"uyW42","502597195","5H2A4619.jpg","jpg","10444436","https://drop5.dropmefiles.com/dl/uyW42/502597195"
"uyW42","502597196","5H2A4620.jpg","jpg","9808944","https://drop5.dropmefiles.com/dl/uyW42/502597196"
"uyW42","502597197","5H2A4622.jpg","jpg","11236519","https://drop5.dropmefiles.com/dl/uyW42/502597197"
"uyW42","502597198","5H2A4623.jpg","jpg","12097846","https://drop5.dropmefiles.com/dl/uyW42/502597198"
"uyW42","502597199","5H2A4625.jpg","jpg","12334966","https://drop5.dropmefiles.com/dl/uyW42/502597199"
"uyW42","502597200","5H2A4626.jpg","jpg","11278476","https://drop5.dropmefiles.com/dl/uyW42/502597200"
"uyW42","502597201","5H2A4627.jpg","jpg","10882459","https://drop5.dropmefiles.com/dl/uyW42/502597201"
"uyW42","502597202","5H2A4629.jpg","jpg","11552759","https://drop5.dropmefiles.com/dl/uyW42/502597202"
"uyW42","502597203","5H2A4630.jpg","jpg","9386013","https://drop5.dropmefiles.com/dl/uyW42/502597203"
"uyW42","502597204","5H2A4631.jpg","jpg","12106903","https://drop5.dropmefiles.com/dl/uyW42/502597204"
"uyW42","502597205","5H2A4633.jpg","jpg","10822731","https://drop5.dropmefiles.com/dl/uyW42/502597205"
"uyW42","502597206","5H2A4636.jpg","jpg","10604750","https://drop5.dropmefiles.com/dl/uyW42/502597206"
"uyW42","502597207","5H2A4637.jpg","jpg","10583686","https://drop5.dropmefiles.com/dl/uyW42/502597207"
"uyW42","502597208","5H2A4639.jpg","jpg","8908408","https://drop5.dropmefiles.com/dl/uyW42/502597208"
"uyW42","502597209","5H2A4643.jpg","jpg","6111474","https://drop5.dropmefiles.com/dl/uyW42/502597209"
"uyW42","502597210","5H2A4645.jpg","jpg","6717411","https://drop5.dropmefiles.com/dl/uyW42/502597210"
"uyW42","502597211","5H2A4647.jpg","jpg","10642665","https://drop5.dropmefiles.com/dl/uyW42/502597211"
"uyW42","502597212","5H2A4648.jpg","jpg","10276313","https://drop5.dropmefiles.com/dl/uyW42/502597212"
"uyW42","502597213","5H2A4651.jpg","jpg","9513425","https://drop5.dropmefiles.com/dl/uyW42/502597213"
"uyW42","502597214","5H2A4652.jpg","jpg","12110093","https://drop5.dropmefiles.com/dl/uyW42/502597214"
"uyW42","502597215","5H2A4657.jpg","jpg","10831158","https://drop5.dropmefiles.com/dl/uyW42/502597215"
"uyW42","502597216","5H2A4659.jpg","jpg","11096304","https://drop5.dropmefiles.com/dl/uyW42/502597216"
"uyW42","502597217","5H2A4666.jpg","jpg","10522660","https://drop5.dropmefiles.com/dl/uyW42/502597217"
"uyW42","502597218","5H2A4667.jpg","jpg","10203705","https://drop5.dropmefiles.com/dl/uyW42/502597218"
"uyW42","502597219","5H2A4669.jpg","jpg","12081530","https://drop5.dropmefiles.com/dl/uyW42/502597219"
"uyW42","502597220","5H2A4671.jpg","jpg","12183106","https://drop5.dropmefiles.com/dl/uyW42/502597220"
"uyW42","502597221","5H2A4672.jpg","jpg","9639440","https://drop5.dropmefiles.com/dl/uyW42/502597221"
"uyW42","502597222","5H2A4673.jpg","jpg","12218673","https://drop5.dropmefiles.com/dl/uyW42/502597222"
"uyW42","502597223","5H2A4674.jpg","jpg","12011699","https://drop5.dropmefiles.com/dl/uyW42/502597223"
"uyW42","502597224","5H2A4680.jpg","jpg","10685479","https://drop5.dropmefiles.com/dl/uyW42/502597224"
"uyW42","502597225","5H2A4684.jpg","jpg","11799686","https://drop5.dropmefiles.com/dl/uyW42/502597225"
"uyW42","502597226","5H2A4686.jpg","jpg","11785053","https://drop5.dropmefiles.com/dl/uyW42/502597226"
"uyW42","502597227","5H2A4687.jpg","jpg","11651623","https://drop5.dropmefiles.com/dl/uyW42/502597227"
"uyW42","502597228","5H2A4688.jpg","jpg","11388747","https://drop5.dropmefiles.com/dl/uyW42/502597228"
"uyW42","502597229","5H2A4689.jpg","jpg","11145598","https://drop5.dropmefiles.com/dl/uyW42/502597229"
"uyW42","502597230","5H2A4691.jpg","jpg","10717643","https://drop5.dropmefiles.com/dl/uyW42/502597230"
"uyW42","502597231","5H2A4692.jpg","jpg","9385431","https://drop5.dropmefiles.com/dl/uyW42/502597231"
"uyW42","502597232","5H2A4693.jpg","jpg","11686458","https://drop5.dropmefiles.com/dl/uyW42/502597232"
"uyW42","502597233","5H2A4695.jpg","jpg","11507060","https://drop5.dropmefiles.com/dl/uyW42/502597233"
"uyW42","502597234","5H2A4696.jpg","jpg","11129249","https://drop5.dropmefiles.com/dl/uyW42/502597234"
"uyW42","502597235","5H2A4699.jpg","jpg","10744638","https://drop5.dropmefiles.com/dl/uyW42/502597235"
"uyW42","502597236","5H2A4700.jpg","jpg","11592826","https://drop5.dropmefiles.com/dl/uyW42/502597236"
"uyW42","502597237","5H2A4704.jpg","jpg","12591689","https://drop5.dropmefiles.com/dl/uyW42/502597237"
"uyW42","502597238","5H2A4706.jpg","jpg","12570844","https://drop5.dropmefiles.com/dl/uyW42/502597238"
"uyW42","502597239","5H2A4707.jpg","jpg","12620064","https://drop5.dropmefiles.com/dl/uyW42/502597239"
"VPa5f","500270819","Photo_28_02_2020.rar","rar","1012316870","https://drop3.dropmefiles.com/dl/VPa5f/500270819"
"x2Z6v","502523186","P1051347.MOV","mov","3234445982","https://drop1.dropmefiles.com/dl/x2Z6v/502523186"
"yDAcb","502599821","1.txt","txt","64","https://drop3.dropmefiles.com/dl/yDAcb/502599821"
"YFJEv","503215829","www.sale-odezhda.space.rar","rar","6247428","https://drop3.dropmefiles.com/dl/YFJEv/503215829"
"zoQJ2","503178969","[Сборник] Quake 2 (Quake II Quake II Mission Pack The Reckoning Quake II Mission Pack Ground Zero Quake II Netpack I Extr [rutracker-5491976].torrent","torrent","13672","https://drop1.dropmefiles.com/dl/zoQJ2/503178969"
